City_ID,City,Country,Date,Lat,Lng,Max Temp,Humidity,Cloudiness,Wind Speed
0,Kaz,RU,2020-06-28 17:51:19,52.91,87.31,58.39,60,100,3.29
1,La Asuncion,VE,2020-06-28 17:50:46,11.03,-63.86,82.96,76,6,15.21
2,Tuktoyaktuk,CA,2020-06-28 17:51:19,69.45,-133.04,41.0,86,40,4.7
3,Butaritari,KI,2020-06-28 17:51:19,3.07,172.79,82.47,73,24,12.86
4,Punta Arenas,CL,2020-06-28 17:51:19,-53.15,-70.92,33.8,74,0,6.93
5,Mataura,NZ,2020-06-28 17:51:19,-46.19,168.86,42.04,91,99,3.98
6,Upernavik,GL,2020-06-28 17:51:20,72.79,-56.15,41.04,71,0,10.29
7,Gribanovskiy,RU,2020-06-28 17:51:20,51.46,41.98,67.3,86,59,5.7
8,Hermanus,ZA,2020-06-28 17:51:20,-34.42,19.23,55.99,82,44,13.85
9,Emerald,AU,2020-06-28 17:51:20,-23.53,148.17,57.2,76,75,5.82
10,Kruisfontein,ZA,2020-06-28 17:51:20,-34.0,24.73,53.49,75,3,13.85
11,Kaitangata,NZ,2020-06-28 17:51:20,-46.28,169.85,46.0,70,100,8.01
12,Yellowknife,CA,2020-06-28 17:51:20,62.46,-114.35,64.4,42,40,11.41
13,Tasiilaq,GL,2020-06-28 17:51:20,65.61,-37.64,44.6,81,100,10.29
14,Atuona,PF,2020-06-28 17:51:20,-9.8,-139.03,80.02,77,43,14.81
15,Albany,US,2020-06-28 17:50:03,42.6,-73.97,73.0,90,33,5.53
16,Cabo San Lucas,MX,2020-06-28 17:51:21,22.89,-109.91,84.0,61,90,8.05
17,Kapaa,US,2020-06-28 17:51:21,22.08,-159.32,77.0,83,90,9.17
18,Maceio,BR,2020-06-28 17:48:41,-9.67,-35.74,80.6,74,40,13.87
19,Tazovskiy,RU,2020-06-28 17:51:21,67.47,78.7,52.95,99,96,10.78
20,Brigantine,US,2020-06-28 17:51:21,39.41,-74.36,89.6,46,20,4.7
21,Hithadhoo,MV,2020-06-28 17:51:21,-0.6,73.08,85.6,67,99,6.91
22,Kilindoni,TZ,2020-06-28 17:51:21,-7.91,39.67,77.85,85,0,11.25
23,Jamestown,US,2020-06-28 17:51:16,42.1,-79.24,73.4,60,75,12.75
24,Santa Isabel Do Rio Negro,BR,2020-06-28 17:51:21,-0.41,-65.02,89.33,57,57,4.32
25,Cayenne,GF,2020-06-28 17:51:21,4.93,-52.33,86.0,70,76,5.82
26,Cape Town,ZA,2020-06-28 17:51:21,-33.93,18.42,60.01,67,20,2.24
27,Borovoy,RU,2020-06-28 17:51:22,55.43,86.08,55.4,62,100,4.47
28,Victoria,HK,2020-06-28 17:50:37,22.29,114.16,84.0,79,98,5.99
29,Kautokeino,NO,2020-06-28 17:51:22,69.01,23.04,63.93,47,80,13.53
30,Barrow,US,2020-06-28 17:51:22,71.29,-156.79,51.8,66,1,9.17
31,Carnarvon,AU,2020-06-28 17:51:22,-24.87,113.63,69.8,100,40,10.29
32,Whitehorse,CA,2020-06-28 17:51:22,60.72,-135.05,64.99,41,75,12.75
33,Mitu,CO,2020-06-28 17:51:22,1.2,-70.17,80.94,86,64,1.52
34,Boizenburg,DE,2020-06-28 17:51:22,53.38,10.72,71.01,64,100,1.01
35,Rikitea,PF,2020-06-28 17:51:22,-23.12,-134.97,67.93,63,6,19.22
36,Koslan,RU,2020-06-28 17:51:22,63.46,48.9,45.64,72,98,5.75
37,Haines Junction,CA,2020-06-28 17:51:23,60.75,-137.51,63.95,32,100,7.74
38,Evans,US,2020-06-28 17:50:16,33.53,-82.13,91.4,52,20,8.05
39,Vaini,TO,2020-06-28 17:51:23,-21.2,-175.2,75.2,94,40,4.7
40,Half Moon Bay,US,2020-06-28 17:51:23,37.46,-122.43,64.99,59,40,10.89
41,Port Alfred,ZA,2020-06-28 17:51:23,-33.59,26.89,61.0,71,11,10.0
42,Kincardine,GB,2020-06-28 17:51:23,56.07,-3.72,59.0,72,90,20.8
43,Busselton,AU,2020-06-28 17:51:23,-33.65,115.33,57.0,52,68,24.81
44,East London,ZA,2020-06-28 17:51:24,-33.02,27.91,62.92,51,14,22.46
45,Bambous Virieux,MU,2020-06-28 17:51:24,-20.34,57.76,73.0,83,40,11.77
46,Te Anau,NZ,2020-06-28 17:51:24,-45.42,167.72,40.3,83,73,0.72
47,Kasempa,ZM,2020-06-28 17:51:24,-13.46,25.83,63.61,47,44,2.37
48,Ushuaia,AR,2020-06-28 17:51:24,-54.8,-68.3,37.4,74,75,14.99
49,Lorengau,PG,2020-06-28 17:51:24,-2.02,147.27,81.86,77,95,9.31
50,Yarada,IN,2020-06-28 17:51:24,17.65,83.27,82.4,94,75,6.93
51,Smithers,CA,2020-06-28 17:51:24,54.78,-127.17,60.8,59,20,9.17
52,Bilibino,RU,2020-06-28 17:51:24,68.05,166.44,38.3,74,1,4.94
53,Zarechnyy,RU,2020-06-28 17:51:25,53.2,45.19,73.0,40,0,2.37
54,Muravlenko,RU,2020-06-28 17:51:25,63.79,74.52,55.06,96,100,16.42
55,Enshi,CN,2020-06-28 17:51:25,30.3,109.48,73.99,86,90,0.89
56,Vao,NC,2020-06-28 17:51:25,-22.67,167.48,69.01,54,0,8.57
57,Makat,KZ,2020-06-28 17:51:25,47.65,53.35,78.1,35,0,23.94
58,Zmeinogorsk,RU,2020-06-28 17:51:25,51.16,82.19,52.66,64,96,5.12
59,Faanui,PF,2020-06-28 17:51:25,-16.48,-151.75,76.33,78,73,22.82
60,Nikolskoye,RU,2020-06-28 17:51:25,59.7,30.79,64.4,48,0,11.18
61,Windsor,CA,2020-06-28 17:51:25,42.3,-83.02,84.0,54,1,3.36
62,Paamiut,GL,2020-06-28 17:47:45,61.99,-49.67,40.5,89,99,8.21
63,Udachnyy,RU,2020-06-28 17:51:26,66.42,112.4,68.0,56,64,6.71
64,Hwange,ZW,2020-06-28 17:51:26,-18.37,26.5,63.48,29,0,4.41
65,Fortuna,US,2020-06-28 17:51:26,40.6,-124.16,60.8,67,75,24.16
66,Bluff,NZ,2020-06-28 17:51:26,-46.6,168.33,48.52,78,85,8.59
67,Hailun,CN,2020-06-28 17:51:26,47.45,126.93,57.69,94,19,5.26
68,Karratha,AU,2020-06-28 17:51:26,-20.74,116.85,66.97,47,7,4.38
69,Saldanha,ZA,2020-06-28 17:51:26,-33.01,17.94,59.0,77,9,1.12
70,Khatanga,RU,2020-06-28 17:51:26,71.97,102.5,76.98,40,62,10.69
71,Laguna De Perlas,NI,2020-06-28 17:51:26,12.34,-83.67,78.8,94,40,12.91
72,Tuatapere,NZ,2020-06-28 17:51:26,-46.13,167.68,44.47,87,98,4.21
73,Alofi,NU,2020-06-28 17:51:27,-19.06,-169.92,73.4,94,64,3.36
74,Chokurdakh,RU,2020-06-28 17:51:27,70.63,147.92,53.62,53,100,11.95
75,Sitka,US,2020-06-28 17:51:27,57.05,-135.33,55.4,76,75,8.05
76,Flinders,AU,2020-06-28 17:51:27,-34.58,150.86,53.01,89,5,8.99
77,Cairns,AU,2020-06-28 17:51:27,-16.92,145.77,69.8,83,90,5.82
78,Lasa,IT,2020-06-28 17:51:27,46.62,10.7,66.2,63,40,6.93
79,Saskylakh,RU,2020-06-28 17:51:27,71.92,114.08,69.76,53,71,7.99
80,Torbay,CA,2020-06-28 17:51:27,47.67,-52.73,69.01,82,90,5.82
81,Pandoh,IN,2020-06-28 17:51:27,31.68,77.05,81.54,32,1,5.95
82,Goderich,CA,2020-06-28 17:51:07,43.75,-81.72,68.0,77,0,8.34
83,Avera,US,2020-06-28 17:51:28,33.19,-82.53,93.2,46,1,10.29
84,Ust-Kuyga,RU,2020-06-28 17:51:28,70.02,135.6,52.7,71,26,10.31
85,Miyakonojo,JP,2020-06-28 17:51:28,31.73,131.07,73.0,94,80,1.99
86,Nelson Bay,AU,2020-06-28 17:51:28,-32.72,152.15,48.99,100,38,5.82
87,Samut Songkhram,TH,2020-06-28 17:51:28,13.41,100.0,78.01,80,95,3.8
88,Nosy Varika,MG,2020-06-28 17:51:28,-20.58,48.53,69.12,90,1,4.92
89,Dikson,RU,2020-06-28 17:51:28,73.51,80.55,44.15,100,98,14.79
90,Vestmannaeyjar,IS,2020-06-28 17:51:28,63.44,-20.27,60.8,87,40,6.93
91,Bengkulu,ID,2020-06-28 17:51:28,-3.8,102.27,77.34,86,31,4.85
92,Puerto Del Rosario,ES,2020-06-28 17:51:28,28.5,-13.86,77.0,69,20,23.04
93,Lompoc,US,2020-06-28 17:51:28,34.64,-120.46,59.0,87,90,11.41
94,Hobart,AU,2020-06-28 17:47:05,-42.88,147.33,44.6,81,75,9.17
95,New Norfolk,AU,2020-06-28 17:51:29,-42.78,147.06,42.01,91,46,2.95
96,Luanda,AO,2020-06-28 17:47:42,-8.84,13.23,73.4,73,20,5.82
97,Bahir Dar,ET,2020-06-28 17:51:29,11.59,37.39,65.32,85,76,5.57
98,Leningradskiy,RU,2020-06-28 17:51:29,69.38,178.42,30.58,97,95,3.33
99,Norman Wells,CA,2020-06-28 17:51:29,65.28,-126.83,62.6,51,20,4.7
100,Fuxin,CN,2020-06-28 17:51:29,42.02,121.66,74.5,42,86,5.59
101,Klaksvik,FO,2020-06-28 17:51:29,62.23,-6.59,59.0,72,96,14.99
102,Carbondale,US,2020-06-28 17:51:29,37.73,-89.22,86.0,70,75,4.7
103,Lagoa,PT,2020-06-28 17:51:29,39.05,-27.98,68.47,91,94,6.53
104,Uaua,BR,2020-06-28 17:51:29,-9.84,-39.48,85.46,36,0,12.8
105,Xai-Xai,MZ,2020-06-28 17:51:29,-25.05,33.64,70.23,68,2,17.45
106,Verkhoyansk,RU,2020-06-28 17:51:29,67.54,133.38,65.44,64,59,5.19
107,Sassari,IT,2020-06-28 17:51:30,40.77,8.76,84.2,54,0,8.05
108,Shingu,JP,2020-06-28 17:51:30,33.73,135.98,67.01,81,51,6.93
109,Zhezkazgan,KZ,2020-06-28 17:51:30,47.8,67.71,62.22,83,99,5.75
110,Sipe Sipe,BO,2020-06-28 17:51:30,-17.45,-66.38,73.4,27,40,4.7
111,Chuy,UY,2020-06-28 17:51:30,-33.7,-53.46,54.88,61,32,4.59
112,Bilma,NE,2020-06-28 17:51:30,18.69,12.92,94.35,10,0,7.76
113,Bundaberg,AU,2020-06-28 17:51:30,-24.85,152.35,57.2,87,75,8.05
114,Ribeira Grande,PT,2020-06-28 17:51:30,38.52,-28.7,73.4,83,75,12.75
115,San Patricio,MX,2020-06-28 17:51:30,19.22,-104.7,86.0,74,20,23.04
116,Arraial Do Cabo,BR,2020-06-28 17:51:30,-22.97,-42.03,71.6,94,75,6.93
117,Ilulissat,GL,2020-06-28 17:51:30,69.22,-51.1,42.8,75,75,5.82
118,Araci,BR,2020-06-28 17:51:31,-11.33,-38.97,82.83,44,7,8.19
119,Bouafle,CI,2020-06-28 17:51:31,6.99,-5.74,86.0,70,75,6.93
120,Plettenberg Bay,ZA,2020-06-28 17:49:21,-34.05,23.37,57.22,70,29,13.09
121,Hilo,US,2020-06-28 17:50:43,19.73,-155.09,73.4,78,90,5.82
122,Gayeri,BF,2020-06-28 17:51:31,12.65,0.49,97.83,29,34,7.0
123,Adrar,MR,2020-06-28 17:51:31,20.5,-10.07,110.86,6,9,13.65
124,Havoysund,NO,2020-06-28 17:51:31,71.0,24.66,44.6,86,75,11.41
125,Salvador,SV,2020-06-28 17:49:55,13.83,-88.92,86.0,70,40,2.24
126,Tabora,TZ,2020-06-28 17:51:31,-5.02,32.8,75.2,47,20,5.82
127,Maridi,SS,2020-06-28 17:51:31,4.92,29.47,69.89,90,92,2.75
128,Port Elizabeth,ZA,2020-06-28 17:51:31,-33.92,25.57,59.0,72,13,21.92
129,Mayumba,GA,2020-06-28 17:51:31,-3.43,10.66,73.09,82,25,5.57
130,Tevaitoa,PF,2020-06-28 17:51:32,-16.78,-151.5,76.96,74,60,22.55
131,Akyab,MM,2020-06-28 17:51:32,20.15,92.9,81.97,83,94,6.02
132,Belomorsk,RU,2020-06-28 17:51:32,64.52,34.77,50.61,71,31,2.24
133,Gari,RU,2020-06-28 17:51:32,59.43,62.35,47.95,82,100,5.61
134,Grand Gaube,MU,2020-06-28 17:51:32,-20.01,57.66,73.0,75,15,5.01
135,Mnogovershinnyy,RU,2020-06-28 17:51:32,53.94,139.92,39.79,100,43,2.53
136,Thompson,CA,2020-06-28 17:51:32,55.74,-97.86,59.0,87,90,8.05
137,Pevek,RU,2020-06-28 17:51:32,69.7,170.31,31.96,99,100,17.52
138,Georgetown,MY,2020-06-28 17:51:32,5.41,100.34,84.2,79,20,9.17
139,Bredasdorp,ZA,2020-06-28 17:51:32,-34.53,20.04,53.6,81,35,4.7
140,Meulaboh,ID,2020-06-28 17:51:32,4.14,96.13,77.92,87,98,4.7
141,Qaanaaq,GL,2020-06-28 17:51:33,77.48,-69.36,43.72,65,19,3.47
142,Pangody,RU,2020-06-28 17:51:33,65.85,74.49,51.01,94,96,13.31
143,Tanda,IN,2020-06-28 17:51:33,26.55,82.65,81.68,81,47,7.74
144,Paita,PE,2020-06-28 17:51:33,-5.09,-81.11,71.55,66,13,10.89
145,Doha,QA,2020-06-28 17:51:01,25.29,51.53,93.0,59,20,3.36
146,Bestobe,KZ,2020-06-28 17:51:33,52.5,73.1,60.06,63,100,23.11
147,Castro,BR,2020-06-28 17:51:33,-24.79,-50.01,55.49,82,100,5.77
148,Yar-Sale,RU,2020-06-28 17:51:33,66.83,70.83,50.07,72,86,2.48
149,Chepareria,KE,2020-06-28 17:51:33,1.31,35.2,61.66,78,21,3.4
150,Zhangjiakou,CN,2020-06-28 17:51:33,40.81,114.88,68.45,69,88,5.73
151,Sola,VU,2020-06-28 17:51:33,-13.88,167.55,80.26,83,50,15.7
152,Puerto Escondido,MX,2020-06-28 17:51:34,15.85,-97.07,87.8,66,40,6.93
153,Belmonte,BR,2020-06-28 17:51:34,-15.86,-38.88,78.8,74,40,10.29
154,Khilok,RU,2020-06-28 17:51:34,51.37,110.47,56.97,91,100,1.45
155,Pascagoula,US,2020-06-28 17:51:34,30.37,-88.56,91.0,66,40,4.7
156,Iskateley,RU,2020-06-28 17:51:34,67.68,53.15,40.08,77,95,14.88
157,Mar Del Plata,AR,2020-06-28 17:49:46,-38.0,-57.56,53.01,66,40,6.93
158,Puerto Ayora,EC,2020-06-28 17:51:34,-0.74,-90.35,78.8,65,75,4.7
159,Petrykiv,UA,2020-06-28 17:51:34,49.53,25.58,77.0,65,40,5.99
160,Lingdong,CN,2020-06-28 17:51:34,46.57,131.15,58.42,93,75,2.48
161,Taoudenni,ML,2020-06-28 17:51:34,22.68,-3.98,115.99,5,0,5.19
162,Tateyama,JP,2020-06-28 17:51:35,34.98,139.87,66.0,95,79,2.35
163,Vostok,RU,2020-06-28 17:51:35,46.49,135.88,47.66,97,87,2.89
164,Volodarskiy,RU,2020-06-28 17:51:35,46.4,48.54,73.4,43,0,13.42
165,Alice Springs,AU,2020-06-28 17:50:55,-23.7,133.88,37.4,55,0,2.24
166,Oberwart,AT,2020-06-28 17:51:36,47.29,16.21,77.0,70,65,2.39
167,Winsum,NL,2020-06-28 17:51:36,53.33,6.52,69.01,49,20,18.34
168,Sibu,MY,2020-06-28 17:51:36,2.3,111.82,78.8,94,20,1.12
169,Margate,GB,2020-06-28 17:51:36,51.38,1.39,66.0,50,3,5.99
170,Duba-Yurt,RU,2020-06-28 17:51:37,43.04,45.73,71.6,56,2,8.95
171,La Ronge,CA,2020-06-28 17:51:37,55.1,-105.28,68.0,68,75,5.82
172,Touros,BR,2020-06-28 17:47:25,-5.2,-35.46,86.0,66,40,10.29
173,Nanortalik,GL,2020-06-28 17:51:37,60.14,-45.24,43.75,79,92,10.98
174,Rosario,AR,2020-06-28 17:51:37,-32.95,-60.64,63.0,33,92,6.93
175,Helong,CN,2020-06-28 17:51:37,42.54,129.0,57.61,87,0,5.26
176,Hualmay,PE,2020-06-28 17:51:38,-11.1,-77.61,67.32,68,53,7.61
177,Morondava,MG,2020-06-28 17:51:38,-20.28,44.28,74.86,76,0,10.6
178,Nizwa,OM,2020-06-28 17:51:38,22.93,57.53,87.22,52,61,8.43
179,Ust-Omchug,RU,2020-06-28 17:51:38,61.15,149.63,57.81,67,74,2.08
180,Hamilton,US,2020-06-28 17:49:05,39.18,-84.53,79.0,88,90,6.93
181,Rawson,AR,2020-06-28 17:51:39,-43.3,-65.1,42.39,62,100,3.13
182,Severo-Kurilsk,RU,2020-06-28 17:51:39,50.68,156.12,48.43,69,65,2.3
183,Sloboda,RU,2020-06-28 17:51:39,51.14,40.3,68.31,85,70,5.32
184,Husavik,IS,2020-06-28 17:51:39,66.04,-17.34,62.6,67,71,14.99
185,Bouna,CI,2020-06-28 17:51:39,9.27,-3.0,85.84,57,23,7.74
186,Wajir,KE,2020-06-28 17:51:39,1.75,40.06,83.75,54,60,21.16
187,Dera Bugti,PK,2020-06-28 17:51:39,29.03,69.15,95.63,38,0,20.42
188,Narok,KE,2020-06-28 17:51:39,-1.08,35.86,57.58,77,9,5.39
189,Ellisras,ZA,2020-06-28 17:51:39,-23.66,27.74,55.53,36,0,4.88
190,Kuryk,KZ,2020-06-28 17:51:41,43.2,51.65,68.54,75,100,14.81
191,Jumla,NP,2020-06-28 17:51:41,29.27,82.18,63.61,71,99,1.68
192,Mahebourg,MU,2020-06-28 17:51:41,-20.41,57.7,71.6,83,40,12.01
193,Galle,LK,2020-06-28 17:51:41,6.04,80.22,82.15,82,72,12.64
194,Coquimbo,CL,2020-06-28 17:51:41,-29.95,-71.34,60.8,67,100,11.41
195,Codrington,AU,2020-06-28 17:51:41,-38.27,141.97,42.19,85,31,6.85
196,Xam Nua,LA,2020-06-28 17:48:14,20.42,104.04,69.84,87,68,2.59
197,Paragominas,BR,2020-06-28 17:51:41,-2.97,-47.48,87.87,55,62,6.11
198,Binga,ZW,2020-06-28 17:51:42,-17.62,27.34,67.33,38,0,1.12
199,Tupancireta,BR,2020-06-28 17:50:37,-29.08,-53.84,58.06,73,61,9.17
200,Brighton,GB,2020-06-28 17:48:31,50.83,-0.14,64.0,67,20,24.16
201,Carazinho,BR,2020-06-28 17:51:42,-28.28,-52.79,61.29,72,41,6.8
202,Custoias,PT,2020-06-28 17:51:42,41.11,-7.32,80.01,6,6,5.01
203,Xuddur,SO,2020-06-28 17:51:42,4.12,43.89,78.17,68,53,16.93
204,Shimoda,JP,2020-06-28 17:51:43,34.67,138.95,64.0,95,59,4.5
205,Lake City,US,2020-06-28 17:51:43,30.19,-82.64,91.99,59,40,5.82
206,Ulety,RU,2020-06-28 17:51:43,51.36,112.48,58.82,89,96,0.54
207,Belyy Yar,RU,2020-06-28 17:51:43,53.6,91.39,60.8,93,40,4.47
208,Eyl,SO,2020-06-28 17:51:43,7.98,49.82,82.18,67,15,24.74
209,Samarai,PG,2020-06-28 17:51:44,-10.62,150.67,78.04,85,88,15.95
210,Vila,PT,2020-06-28 17:51:44,42.03,-8.16,72.0,69,46,1.01
211,Dunedin,NZ,2020-06-28 17:51:44,-45.87,170.5,45.0,87,100,3.0
212,Cockburn Town,TC,2020-06-28 17:51:44,21.46,-71.14,86.0,70,40,13.87
213,Ankang,CN,2020-06-28 17:51:44,32.68,109.02,70.5,88,24,0.96
214,Sauda,NO,2020-06-28 17:51:44,59.65,6.35,64.0,69,63,11.99
215,Yumen,CN,2020-06-28 17:51:44,40.28,97.2,70.83,31,0,14.5
216,Sao Filipe,CV,2020-06-28 17:51:45,14.9,-24.5,78.82,64,9,12.41
217,Nantucket,US,2020-06-28 17:51:47,41.28,-70.1,69.8,83,90,6.93
218,Hvide Sande,DK,2020-06-28 17:51:47,56.0,8.13,63.0,68,16,1.99
219,Bud,US,2020-06-28 17:51:47,39.45,-86.18,75.99,83,90,5.82
220,Elbistan,TR,2020-06-28 17:51:47,38.21,37.2,75.16,38,0,9.57
221,Kuppam,IN,2020-06-28 17:51:47,12.75,78.37,76.59,79,100,7.05
222,Lazaro Cardenas,MX,2020-06-28 17:51:47,17.96,-102.2,88.57,52,42,6.08
223,Namibe,AO,2020-06-28 17:51:49,-15.2,12.15,67.62,75,0,5.3
224,Avarua,CK,2020-06-28 17:51:50,-21.21,-159.78,73.4,69,68,9.17
225,Tuy Hoa,VN,2020-06-28 17:51:55,13.08,109.3,78.58,81,100,6.55
226,Provideniya,RU,2020-06-28 17:51:55,64.38,-173.3,39.7,84,99,15.73
227,Mogadishu,SO,2020-06-28 17:47:29,2.04,45.34,78.64,88,90,16.02
228,San Ramon,US,2020-06-28 17:47:08,37.78,-121.98,66.99,52,1,17.22
229,Itoman,JP,2020-06-28 17:51:55,26.12,127.67,82.4,94,40,16.11
230,Tanggu,CN,2020-06-28 17:51:57,39.02,117.65,75.2,69,100,4.47
231,Asau,RO,2020-06-28 17:51:57,46.43,26.4,71.01,80,82,3.44
232,Minsk,BY,2020-06-28 17:50:57,53.9,27.57,69.8,83,20,6.71
233,Terrace,CA,2020-06-28 17:51:58,54.52,-128.6,59.0,67,5,5.82
234,Ponta Do Sol,PT,2020-06-28 17:51:58,32.67,-17.1,73.0,69,9,5.99
235,Lufilufi,WS,2020-06-28 17:51:58,-13.87,-171.6,81.25,74,23,18.66
236,Tiksi,RU,2020-06-28 17:51:58,71.69,128.87,38.82,74,93,1.86
237,Nyimba,ZM,2020-06-28 17:51:58,-14.56,30.81,71.53,40,54,6.67
238,Viedma,AR,2020-06-28 17:51:58,-40.81,-63.0,46.62,55,100,5.99
239,Gimli,CA,2020-06-28 17:51:58,50.63,-96.99,84.99,65,40,8.99
240,Tura,IN,2020-06-28 17:51:58,25.52,90.22,75.13,95,64,6.85
241,Talnakh,RU,2020-06-28 17:51:58,69.49,88.4,71.6,56,37,13.42
242,Deputatskiy,RU,2020-06-28 17:51:58,69.3,139.9,53.53,84,38,6.11
243,Gorin,RU,2020-06-28 17:51:58,51.2,136.67,50.85,87,54,6.85
244,Dayong,CN,2020-06-28 17:51:59,25.02,118.29,82.4,88,20,4.47
245,Panguna,PG,2020-06-28 17:51:59,-6.32,155.48,68.22,100,72,1.92
246,Gharo,PK,2020-06-28 17:51:59,24.74,67.59,89.6,62,75,17.22
247,Karakol,KG,2020-06-28 17:51:59,42.49,78.39,44.1,63,100,5.57
248,Portland,US,2020-06-28 17:50:28,45.52,-122.68,63.0,63,75,9.17
249,Acarau,BR,2020-06-28 17:51:59,-2.89,-40.12,84.92,67,37,12.73
250,Lashio,MM,2020-06-28 17:51:59,22.93,97.75,69.87,99,100,1.5
251,Fuerte Olimpo,PY,2020-06-28 17:51:59,-21.04,-57.87,70.29,56,62,3.0
252,Flin Flon,CA,2020-06-28 17:49:01,54.77,-101.86,60.8,93,90,5.82
253,Porto Novo,BJ,2020-06-28 17:51:59,6.5,2.6,80.6,83,40,12.75
254,Cherskiy,RU,2020-06-28 17:51:59,68.75,161.3,40.51,70,82,6.08
255,Ahipara,NZ,2020-06-28 17:51:59,-35.17,173.17,55.76,76,24,15.43
256,Pyaozerskiy,RU,2020-06-28 17:52:00,65.83,31.17,57.78,58,7,4.47
257,Jamame,SO,2020-06-28 17:52:00,0.07,42.75,77.59,85,25,9.84
258,Havelock,US,2020-06-28 17:52:00,34.88,-76.9,91.4,49,1,6.93
259,Vaitape,PF,2020-06-28 17:52:00,-16.52,-151.75,77.14,76,71,22.77
260,Svetlyy,RU,2020-06-28 17:52:00,54.67,20.13,73.4,78,69,6.71
261,Saint George,US,2020-06-28 17:52:00,37.1,-113.58,96.01,18,1,21.92
262,Tuburan,PH,2020-06-28 17:52:00,6.64,122.27,79.88,78,100,5.01
263,Geraldton,AU,2020-06-28 17:52:00,-28.77,114.6,66.2,68,90,19.46
264,Papetoai,PF,2020-06-28 17:52:00,-17.5,-149.87,71.6,73,20,2.24
265,Bathsheba,BB,2020-06-28 17:52:01,13.22,-59.52,87.8,66,40,19.46
266,Ilinskaya,RU,2020-06-28 17:52:01,45.72,40.72,69.75,57,0,4.81
267,Khash,IR,2020-06-28 17:52:01,28.22,61.22,76.39,23,0,4.29
268,Ketchikan,US,2020-06-28 17:52:01,55.34,-131.65,60.8,72,1,5.82
269,Hofn,IS,2020-06-28 17:52:01,64.25,-15.21,60.8,67,75,20.8
270,Marsh Harbour,BS,2020-06-28 17:52:01,26.54,-77.06,83.05,66,33,7.0
271,Pangkalanbuun,ID,2020-06-28 17:52:01,-2.68,111.62,73.58,91,74,2.46
272,Meru,KE,2020-06-28 17:52:01,0.05,37.66,63.86,68,16,8.48
273,Itarema,BR,2020-06-28 17:52:01,-2.92,-39.92,84.61,66,35,14.52
274,Pozoblanco,ES,2020-06-28 17:52:01,38.38,-4.85,102.2,17,0,5.82
275,Rosetown,CA,2020-06-28 17:52:01,51.55,-108.0,63.0,74,96,7.0
276,Salto,UY,2020-06-28 17:52:02,-31.38,-57.97,57.2,62,98,5.82
277,Chernyshevsk,RU,2020-06-28 17:52:02,52.52,117.02,60.21,64,43,4.54
278,Fairbanks,US,2020-06-28 17:52:02,64.84,-147.72,66.0,51,40,5.82
279,Ola,RU,2020-06-28 17:52:02,59.58,151.28,47.07,90,28,4.03
280,Atambua,ID,2020-06-28 17:52:02,-9.11,124.89,70.29,90,45,5.08
281,Kindu,CD,2020-06-28 17:52:02,-2.95,25.95,77.43,60,42,2.37
282,Longyearbyen,SJ,2020-06-28 17:52:02,78.22,15.64,44.6,65,40,6.93
283,Trairi,BR,2020-06-28 17:52:02,-3.28,-39.27,84.2,65,0,13.58
284,Port Lincoln,AU,2020-06-28 17:52:02,-34.73,135.87,51.84,56,0,12.1
285,Salalah,OM,2020-06-28 17:52:02,17.02,54.09,86.0,84,75,10.29
286,Bridlington,GB,2020-06-28 17:52:03,54.08,-0.19,62.6,55,93,19.46
287,Honningsvag,NO,2020-06-28 17:52:03,70.98,25.97,41.0,86,75,11.41
288,Carutapera,BR,2020-06-28 17:52:03,-1.2,-46.02,85.75,68,29,9.24
289,Mariental,NA,2020-06-28 17:52:03,-24.63,17.97,56.16,31,0,9.42
290,Gambo,CF,2020-06-28 17:52:04,4.65,22.26,74.64,81,84,1.48
291,Bend,US,2020-06-28 17:52:04,44.06,-121.32,53.01,51,83,10.0
292,Fernie,CA,2020-06-28 17:51:02,49.5,-115.07,53.6,87,90,2.24
293,Reconquista,AR,2020-06-28 17:52:04,-29.15,-59.65,62.2,52,37,8.46
294,Isangel,VU,2020-06-28 17:52:04,-19.55,169.27,69.76,81,51,12.01
295,Lat Yao,TH,2020-06-28 17:52:04,15.75,99.79,79.11,80,100,4.27
296,Port-De-Bouc,FR,2020-06-28 17:52:04,43.4,4.98,84.2,54,0,11.41
297,Dubuque,US,2020-06-28 17:47:35,42.48,-90.87,84.0,74,40,6.93
298,Favara,IT,2020-06-28 17:52:04,37.32,13.66,81.0,100,6,7.0
299,Naze,JP,2020-06-28 17:52:04,28.37,129.48,78.8,100,90,6.93
300,Atar,MR,2020-06-28 17:52:04,20.52,-13.05,110.32,6,0,20.54
301,Zhangye,CN,2020-06-28 17:52:04,38.93,100.45,71.08,30,7,3.27
302,Saint-Pierre,RE,2020-06-28 17:52:05,-21.34,55.48,68.0,82,33,5.82
303,Tabory,RU,2020-06-28 17:52:05,58.52,64.55,48.74,96,100,5.06
304,Ambulu,ID,2020-06-28 17:52:05,-8.35,113.61,75.22,89,12,3.8
305,Heihe,CN,2020-06-28 17:52:05,50.24,127.49,57.2,100,90,4.47
306,Kayalpattinam,IN,2020-06-28 17:52:05,8.57,78.12,85.53,64,70,11.23
307,Labuhan,ID,2020-06-28 17:52:05,-6.88,112.21,76.69,85,4,7.14
308,Talara,PE,2020-06-28 17:52:05,-4.58,-81.27,72.18,67,4,17.38
309,Pringsewu,ID,2020-06-28 17:52:05,-5.36,104.97,72.73,94,14,0.43
310,Thinadhoo,MV,2020-06-28 17:52:05,0.53,72.93,84.69,73,48,8.25
311,Reshetnikovo,RU,2020-06-28 17:52:05,56.45,36.57,61.68,80,14,8.93
312,North Shore,NZ,2020-06-28 17:52:05,-36.8,174.75,51.01,95,17,5.01
313,Medea,DZ,2020-06-28 17:52:06,36.26,2.75,80.6,65,0,12.75
314,Shu,KZ,2020-06-28 17:52:06,43.6,73.76,57.99,59,17,18.81
315,Damietta,EG,2020-06-28 17:52:06,31.42,31.81,80.6,69,0,12.75
316,Kannad,IN,2020-06-28 17:52:06,20.27,75.13,75.18,89,100,3.91
317,Ponta Delgada,PT,2020-06-28 17:51:08,37.73,-25.67,73.4,78,40,10.29
318,Kudahuvadhoo,MV,2020-06-28 17:52:06,2.67,72.89,83.88,77,2,11.83
319,Haimen,CN,2020-06-28 17:52:06,23.19,116.61,84.2,79,100,6.71
320,Iqaluit,CA,2020-06-28 17:52:06,63.75,-68.51,41.0,75,75,8.05
321,Araguaina,BR,2020-06-28 17:52:06,-7.19,-48.21,92.97,33,1,6.24
322,Birecik,TR,2020-06-28 17:52:06,37.03,37.99,87.8,33,0,2.24
323,El Carmen,CO,2020-06-28 17:52:06,8.51,-73.45,76.95,81,98,1.28
324,Pangnirtung,CA,2020-06-28 17:52:06,66.15,-65.71,42.8,81,75,12.75
325,Vitim,RU,2020-06-28 17:52:07,59.45,112.56,60.33,79,16,5.91
326,Holly Hill,US,2020-06-28 17:52:07,29.24,-81.04,93.0,59,90,8.05
327,Mattru,SL,2020-06-28 17:52:07,7.62,-11.83,77.14,93,86,3.87
328,Pokhara,NP,2020-06-28 17:52:07,28.23,83.98,71.06,82,80,0.78
329,Komsomolskiy,UZ,2020-06-28 17:52:07,40.43,71.72,68.0,34,0,6.93
330,Kodiak,US,2020-06-28 17:52:07,57.79,-152.41,53.6,76,75,4.7
331,Panlaitan,PH,2020-06-28 17:52:07,12.12,119.85,78.94,84,100,10.69
332,Ixtapa,MX,2020-06-28 17:52:07,20.7,-105.2,89.01,66,75,8.05
333,Guerrero,MX,2020-06-28 17:52:07,17.67,-100.0,79.63,59,48,2.08
334,Kununurra,AU,2020-06-28 17:52:07,-15.77,128.73,55.4,32,51,7.11
335,Narsaq,GL,2020-06-28 17:52:08,60.92,-46.05,53.6,58,85,13.87
336,Cidreira,BR,2020-06-28 17:52:08,-30.18,-50.21,58.71,57,0,5.3
337,Pemberton,CA,2020-06-28 17:48:54,50.32,-122.8,55.4,87,20,2.24
338,Jiayuguan,CN,2020-06-28 17:52:08,39.82,98.3,67.53,35,0,7.29
339,Muborak,UZ,2020-06-28 17:52:08,39.26,65.15,75.0,18,39,15.79
340,Oktyabrskiy,RU,2020-06-28 17:52:08,54.48,53.47,49.64,90,59,5.7
341,Bethel,US,2020-06-28 17:52:08,41.37,-73.41,87.01,61,40,8.05
342,Karatsu,JP,2020-06-28 17:52:08,33.44,129.97,70.0,89,17,3.89
343,Chyhyryn,UA,2020-06-28 17:52:08,49.08,32.66,73.85,76,25,8.9
344,Mamontovo,RU,2020-06-28 17:52:08,52.71,81.62,54.73,59,16,9.01
345,Huruta,ET,2020-06-28 17:52:08,8.15,39.35,63.3,64,26,5.14
346,Sindou,BF,2020-06-28 17:52:09,10.67,-5.17,90.91,45,14,5.06
347,Kirensk,RU,2020-06-28 17:52:09,57.79,108.11,63.55,60,56,4.7
348,Concordia,AR,2020-06-28 17:52:09,-31.39,-58.02,57.2,62,99,5.82
349,Emba,KZ,2020-06-28 17:52:09,48.83,58.14,66.34,68,64,5.77
350,Sabang,ID,2020-06-28 17:52:09,5.89,95.32,82.65,79,81,12.97
351,Esperance,AU,2020-06-28 17:52:09,-33.87,121.9,57.2,87,40,18.34
352,Saint-Philippe,RE,2020-06-28 17:52:09,-21.36,55.77,68.0,82,35,5.82
353,Beringovskiy,RU,2020-06-28 17:52:09,63.05,179.32,40.68,70,36,16.11
354,Aviemore,GB,2020-06-28 17:52:09,57.2,-3.83,63.0,77,94,16.11
355,Saint-Doulchard,FR,2020-06-28 17:52:09,47.1,2.35,62.6,88,90,4.7
356,Marathon,US,2020-06-28 17:52:10,44.9,-89.77,80.6,61,40,9.17
357,Kristiansund,NO,2020-06-28 17:52:10,63.11,7.73,60.8,87,75,27.51
358,Ambilobe,MG,2020-06-28 17:52:10,-13.2,49.05,72.77,84,0,2.84
359,Athabasca,CA,2020-06-28 17:52:10,54.72,-113.29,56.84,87,100,10.98
360,Buenos Aires,AR,2020-06-28 17:48:25,-34.61,-58.38,55.99,71,40,4.7
361,Waipawa,NZ,2020-06-28 17:52:10,-41.41,175.52,51.01,93,33,18.34
362,Pampa,US,2020-06-28 17:52:10,35.54,-100.96,91.4,29,1,16.11
363,Whithorn,JM,2020-06-28 17:52:10,18.26,-78.04,88.0,74,20,17.22
364,Qujing,CN,2020-06-28 17:52:10,25.48,103.78,64.99,90,100,7.76
365,Funadhoo,MV,2020-06-28 17:52:10,6.15,73.27,83.41,80,0,16.13
366,Matara,LK,2020-06-28 17:52:11,5.95,80.54,80.85,85,91,10.47
367,Lata,PT,2020-06-28 17:52:11,40.16,-8.33,81.0,71,0,9.44
368,Svobodnyy,RU,2020-06-28 17:52:11,51.4,128.13,59.7,90,94,5.28
369,Sangar,RU,2020-06-28 17:52:11,63.92,127.47,59.9,81,65,3.18
370,Kavaratti,IN,2020-06-28 17:48:13,10.57,72.64,83.79,80,99,22.17
371,Molepolole,BW,2020-06-28 17:52:11,-24.41,25.5,59.0,26,0,4.7
372,Georgiyevskoye,RU,2020-06-28 17:52:11,58.73,45.02,47.71,82,26,5.75
373,Usinsk,RU,2020-06-28 17:52:11,65.99,57.53,42.48,89,100,7.61
374,Xiongzhou,CN,2020-06-28 17:52:11,25.12,114.3,77.65,83,100,4.07
375,Port Macquarie,AU,2020-06-28 17:51:57,-31.43,152.92,48.0,91,9,8.23
376,Tortosa,ES,2020-06-28 17:52:11,40.81,0.52,79.0,65,0,4.0
377,Pisco,PE,2020-06-28 17:52:11,-13.7,-76.22,63.0,82,90,9.17
378,Kaspiysk,RU,2020-06-28 17:52:11,42.88,47.64,68.0,64,16,8.95
379,Asyut,EG,2020-06-28 17:52:12,27.18,31.18,89.6,35,0,11.41
380,Acapulco,MX,2020-06-28 17:50:04,16.86,-99.89,89.6,55,5,5.82
381,Navahrudak,BY,2020-06-28 17:52:12,53.6,25.83,66.87,88,1,6.29
382,Sorong,ID,2020-06-28 17:52:12,-0.88,131.25,79.32,81,100,7.74
383,Namatanai,PG,2020-06-28 17:52:12,-3.67,152.43,79.25,79,60,6.26
384,Clyde River,CA,2020-06-28 17:52:12,70.47,-68.59,33.8,100,90,10.29
385,Samfya,ZM,2020-06-28 17:52:12,-11.36,29.56,69.06,45,15,3.2
386,Troitskoye,RU,2020-06-28 17:52:12,52.98,84.68,55.27,68,100,6.62
387,Abyek,IR,2020-06-28 17:52:12,36.07,50.55,82.4,26,0,9.17
388,Sao Raimundo Nonato,BR,2020-06-28 17:52:12,-9.02,-42.7,90.03,33,2,8.34
389,Abu Zabad,SD,2020-06-28 17:52:12,12.35,29.25,89.74,41,74,3.71
390,Mugur-Aksy,RU,2020-06-28 17:52:12,50.35,90.5,52.2,79,98,4.72
391,Susanville,US,2020-06-28 17:47:15,40.42,-120.65,71.6,24,90,8.05
392,Lebu,CL,2020-06-28 17:52:13,-37.62,-73.65,54.63,90,81,14.7
393,Pandan,PH,2020-06-28 17:52:13,14.05,124.17,79.16,82,96,6.04
394,Teguise,ES,2020-06-28 17:52:13,29.06,-13.56,77.0,65,40,26.4
395,Palmital,BR,2020-06-28 17:52:13,-22.79,-50.22,69.19,70,1,8.14
396,Airai,TL,2020-06-28 17:52:13,-8.93,125.41,56.77,100,85,3.18
397,Tarakan,ID,2020-06-28 17:52:13,3.3,117.63,78.6,81,100,6.35
398,Altay,CN,2020-06-28 17:52:13,47.87,88.12,55.38,50,90,4.45
399,Kulhudhuffushi,MV,2020-06-28 17:52:13,6.62,73.07,83.25,80,31,16.84
400,Hambantota,LK,2020-06-28 17:52:13,6.12,81.12,82.33,78,95,16.64
401,Katherine,AU,2020-06-28 17:52:13,-14.47,132.27,59.0,72,72,6.93
402,Jiuquan,CN,2020-06-28 17:52:13,39.74,98.52,67.14,37,0,5.93
403,Las Guacamayas,MX,2020-06-28 17:52:13,18.02,-102.22,89.74,49,42,6.51
404,Marfino,RU,2020-06-28 17:52:14,55.7,37.38,73.0,60,79,4.47
405,Kamenka,RU,2020-06-28 17:52:14,51.32,42.77,75.0,60,66,5.19
406,Altamira,BR,2020-06-28 17:47:46,-3.2,-52.21,86.0,74,20,3.36
407,Tecoanapa,MX,2020-06-28 17:52:14,16.52,-98.75,86.05,58,2,9.84
408,Richards Bay,ZA,2020-06-28 17:52:14,-28.78,32.04,67.05,60,22,8.97
409,Hami,CN,2020-06-28 17:52:14,42.8,93.45,85.05,16,0,24.58
410,Banyumas,ID,2020-06-28 17:52:14,-7.51,109.29,75.22,92,73,1.63
411,Ostrovnoy,RU,2020-06-28 17:52:14,68.05,39.51,43.52,79,94,5.66
412,Surin,TH,2020-06-28 17:52:14,14.88,103.49,82.0,99,19,10.74
413,High Level,CA,2020-06-28 17:52:14,58.52,-117.14,66.2,63,75,12.75
414,Diego De Almagro,CL,2020-06-28 17:52:14,-26.37,-70.05,71.71,22,100,9.24
415,Queanbeyan,AU,2020-06-28 17:52:15,-35.35,149.23,39.2,80,90,9.17
416,Lyubar,UA,2020-06-28 17:52:15,49.92,27.76,70.07,88,39,7.16
417,Kalanwali,IN,2020-06-28 17:52:15,29.85,74.95,102.09,25,12,9.33
418,Timmins,CA,2020-06-28 17:50:26,48.47,-81.33,75.2,50,20,10.29
419,Saquarema,BR,2020-06-28 17:52:15,-22.92,-42.51,71.6,83,75,13.87
420,Palmas,BR,2020-06-28 17:52:15,-10.21,-48.36,91.4,33,20,11.41
421,Umm Lajj,SA,2020-06-28 17:52:15,25.02,37.27,89.55,38,30,5.99
422,Pueblo Rico,CO,2020-06-28 17:52:15,5.24,-76.04,71.6,94,75,4.7
423,Ordzhonikidze,KZ,2020-06-28 17:52:15,52.44,61.74,54.86,60,41,11.83
424,Wanlaweyn,SO,2020-06-28 17:52:15,2.62,44.89,78.22,79,64,15.28
425,Corlu,TR,2020-06-28 17:52:15,41.16,27.8,73.4,64,0,9.17
426,Bauchi,NG,2020-06-28 17:52:15,10.5,10.0,81.63,57,90,5.39
427,Jijiga,ET,2020-06-28 17:52:16,9.35,42.8,67.01,74,30,12.41
428,Kushmurun,KZ,2020-06-28 17:52:16,52.45,64.63,56.52,66,42,7.9
429,Lakhdenpokhya,RU,2020-06-28 17:52:16,61.52,30.2,64.0,58,1,6.44
430,Riyadh,SA,2020-06-28 17:52:16,24.69,46.72,98.6,18,53,7.16
431,Leshukonskoye,RU,2020-06-28 17:52:16,64.9,45.76,45.09,74,100,6.82
432,Meiganga,CM,2020-06-28 17:52:16,6.52,14.3,69.19,90,100,1.57
433,Shuyskoye,RU,2020-06-28 17:52:16,59.37,41.03,49.37,72,30,4.07
434,La Palma,US,2020-06-28 17:52:16,33.85,-118.05,71.01,68,90,11.41
435,Tondano,ID,2020-06-28 17:52:16,1.3,124.91,75.2,100,40,1.12
436,Zarubino,RU,2020-06-28 17:52:16,42.63,131.09,58.53,96,60,6.22
437,Bogandinskiy,RU,2020-06-28 17:52:16,56.89,65.89,50.0,93,90,6.71
438,Amapa,BR,2020-06-28 17:52:17,1.0,-52.0,82.94,81,96,4.41
439,Gilbues,BR,2020-06-28 17:52:17,-9.83,-45.34,91.09,28,0,7.87
440,Sioux Lookout,CA,2020-06-28 17:52:17,50.1,-91.92,84.2,45,75,10.29
441,Jerome,US,2020-06-28 17:52:17,42.72,-114.52,62.01,47,90,13.87
442,The Valley,AI,2020-06-28 17:51:04,18.22,-63.06,87.8,62,40,11.41
443,Gojra,PK,2020-06-28 17:52:17,31.15,72.69,103.32,22,10,7.14
444,Martapura,ID,2020-06-28 17:52:17,-3.42,114.85,77.0,88,90,1.12
445,San Quintin,MX,2020-06-28 17:52:17,30.48,-115.95,69.8,62,81,8.19
446,Tiznit,MA,2020-06-28 17:52:17,29.58,-9.5,78.82,42,0,7.54
447,Okha,RU,2020-06-28 17:52:17,53.57,142.95,45.05,97,99,6.93
448,Seguela,CI,2020-06-28 17:52:17,7.96,-6.67,83.07,70,61,1.54
449,Saint-Francois,FR,2020-06-28 17:52:18,46.42,3.91,64.4,72,91,13.87
450,Araceli,PH,2020-06-28 17:52:18,10.55,119.99,81.21,77,100,8.25
451,Turukhansk,RU,2020-06-28 17:52:18,65.82,87.98,69.4,61,49,15.17
452,Malakal,SS,2020-06-28 17:52:18,9.53,31.66,79.14,67,64,3.18
453,Huarmey,PE,2020-06-28 17:52:18,-10.07,-78.15,68.72,66,32,10.85
454,Cieza,ES,2020-06-28 17:52:18,38.24,-1.42,89.01,44,0,8.01
455,Faya,SA,2020-06-28 17:52:18,18.39,42.45,84.2,17,20,5.82
456,Kahului,US,2020-06-28 17:52:02,20.89,-156.47,77.0,65,1,3.36
457,Ati,TD,2020-06-28 17:52:18,13.22,18.34,98.26,26,66,8.3
458,Talcahuano,CL,2020-06-28 17:52:18,-36.72,-73.12,55.4,93,90,21.92
459,Mmabatho,ZA,2020-06-28 17:52:18,-25.85,25.63,53.6,25,0,4.7
460,Dingle,PH,2020-06-28 17:52:18,11.0,122.67,76.41,87,100,2.62
461,Qingdao,CN,2020-06-28 17:52:18,36.1,120.37,77.0,69,20,2.24
462,Boa Vista,BR,2020-06-28 17:52:18,2.82,-60.67,89.6,55,75,6.93
463,Awbari,LY,2020-06-28 17:52:19,26.59,12.78,90.25,16,0,4.97
464,Roald,NO,2020-06-28 17:52:19,62.58,6.13,59.0,87,75,10.29
465,Tigil,RU,2020-06-28 17:52:19,57.8,158.67,46.4,76,0,3.91
466,Seydi,TM,2020-06-28 17:52:19,39.48,62.91,76.19,18,23,12.01
467,Petropavlovsk-Kamchatskiy,RU,2020-06-28 17:52:19,53.05,158.65,50.0,100,62,6.71
468,Saint-Leu,RE,2020-06-28 17:52:19,-21.15,55.28,68.0,82,24,5.82
469,Souillac,MU,2020-06-28 17:52:19,-20.52,57.52,71.6,83,40,10.67
470,Sorland,NO,2020-06-28 17:52:19,67.67,12.69,55.4,82,40,11.41
471,Hernani,ES,2020-06-28 17:52:19,43.27,-1.98,75.99,73,1,4.7
472,Palu,ID,2020-06-28 17:52:19,-0.89,119.87,74.59,83,99,0.85
473,Yinchuan,CN,2020-06-28 17:52:19,38.47,106.27,71.01,37,0,4.0
474,Aden,YE,2020-06-28 17:52:19,12.78,45.04,88.43,65,39,4.72
475,Saurimo,AO,2020-06-28 17:52:19,-9.66,20.39,71.15,32,41,4.68
476,Kandrian,PG,2020-06-28 17:52:20,-6.22,149.55,77.34,87,57,5.12
477,Groningen,NL,2020-06-28 17:52:20,53.25,6.75,69.01,49,20,18.34
478,Olga,RU,2020-06-28 17:52:20,43.74,135.29,54.0,90,76,3.0
479,Jinxiang,CN,2020-06-28 17:52:20,22.86,115.7,82.26,83,100,6.44
480,Bombay,IN,2020-06-28 17:52:20,19.01,72.85,86.0,84,40,4.7
481,Port Blair,IN,2020-06-28 17:52:20,11.67,92.75,82.92,79,99,9.33
482,Esperantinopolis,BR,2020-06-28 17:52:20,-4.87,-44.71,88.97,57,34,3.62
483,Yueyang,CN,2020-06-28 17:52:20,29.33,113.09,76.86,96,100,1.83
484,Nhulunbuy,AU,2020-06-28 17:52:20,-12.23,136.77,69.8,94,40,5.82
485,Tomatlan,MX,2020-06-28 17:52:20,19.93,-105.25,94.64,39,36,8.81
486,Dothan,US,2020-06-28 17:52:00,31.22,-85.39,91.4,52,20,10.29
487,Warri,NG,2020-06-28 17:52:20,5.52,5.75,74.84,93,92,4.9
488,Celina,US,2020-06-28 17:52:20,40.55,-84.57,82.99,74,100,1.99
489,Beloha,MG,2020-06-28 17:52:21,-25.17,45.05,64.9,93,0,1.21
490,Tapes,BR,2020-06-28 17:52:21,-30.67,-51.4,56.97,68,2,4.9
491,Yeppoon,AU,2020-06-28 17:52:21,-23.13,150.73,59.0,82,40,6.93
492,Dicabisagan,PH,2020-06-28 17:52:21,17.08,122.42,78.58,85,100,3.58
493,Alugan,PH,2020-06-28 17:52:21,12.22,125.48,77.79,87,100,2.59
494,Rio Gallegos,AR,2020-06-28 17:52:21,-51.62,-69.22,24.8,85,20,8.05
495,Westport,US,2020-06-28 17:52:21,41.14,-73.36,86.0,78,1,10.29
496,Kieta,PG,2020-06-28 17:52:21,-6.22,155.63,79.21,79,84,2.28
497,Caravelas,BR,2020-06-28 17:52:21,-17.71,-39.25,76.78,74,0,9.15
498,Lavrentiya,RU,2020-06-28 17:52:22,65.58,-171.0,39.9,75,61,9.06
499,Pacific Grove,US,2020-06-28 17:52:01,36.62,-121.92,60.01,72,90,11.41
500,Khawhai,IN,2020-06-28 17:52:22,23.37,93.12,62.2,100,100,0.92
501,Kyabe,TD,2020-06-28 17:52:22,9.45,18.94,85.03,53,23,4.12
502,Gat,IL,2020-06-28 17:52:22,31.61,34.76,81.0,84,0,3.42
503,Northam,GB,2020-06-28 17:52:22,51.03,-4.22,60.01,77,57,18.01
504,Nampa,US,2020-06-28 17:52:22,43.54,-116.56,57.99,47,1,16.11
505,Harer,ET,2020-06-28 17:52:22,9.31,42.13,62.08,86,36,5.86
506,Katsuura,JP,2020-06-28 17:52:22,35.13,140.3,71.01,95,70,3.06
507,Lyngseidet,NO,2020-06-28 17:52:22,69.58,20.22,50.0,81,20,9.17
508,Jieshi,CN,2020-06-28 17:52:22,22.81,115.83,82.58,84,100,7.85
509,Marawi,PH,2020-06-28 17:52:23,8.0,124.29,73.99,94,100,5.01
510,Aspindza,GE,2020-06-28 17:52:23,41.57,43.25,58.03,78,7,1.77
511,Staroutkinsk,RU,2020-06-28 17:52:23,57.23,59.33,46.8,95,100,8.57
512,Yatou,CN,2020-06-28 17:52:23,37.15,122.38,68.74,78,90,4.85
513,Suoyarvi,RU,2020-06-28 17:52:23,62.08,32.35,56.28,60,17,4.09
514,Aykhal,RU,2020-06-28 17:52:23,66.0,111.5,68.0,56,63,6.71
515,Outjo,NA,2020-06-28 17:52:23,-20.12,16.15,59.85,27,0,10.11
516,Havre-Saint-Pierre,CA,2020-06-28 17:52:23,50.23,-63.6,62.6,77,90,12.75
517,Kifri,IQ,2020-06-28 17:52:23,34.7,44.97,90.39,12,0,9.86
518,Mount Isa,AU,2020-06-28 17:52:23,-20.73,139.5,59.0,51,0,8.05
519,Aklavik,CA,2020-06-28 17:52:23,68.22,-135.01,55.4,54,40,2.24
520,Tinskoy,RU,2020-06-28 17:52:23,56.15,96.92,63.07,95,99,8.46
521,Hasaki,JP,2020-06-28 17:52:24,35.73,140.83,68.0,100,75,2.24
522,Nemuro,JP,2020-06-28 17:52:24,43.32,145.57,49.15,97,100,17.56
523,Dhidhdhoo,MV,2020-06-28 17:52:24,6.88,73.1,83.14,80,54,16.58
524,Hedaru,TZ,2020-06-28 17:52:24,-4.5,37.9,69.03,86,18,4.72
525,Can Tho,VN,2020-06-28 17:52:24,10.03,105.78,77.25,88,97,6.02
526,Nalut,LY,2020-06-28 17:52:24,30.33,10.85,98.94,12,79,11.27
527,Phangnga,TH,2020-06-28 17:52:24,8.45,98.53,77.0,100,40,1.12
528,Bad Aussee,AT,2020-06-28 17:52:24,47.61,13.78,73.99,86,36,2.64
529,Cerro Grande,HN,2020-06-28 17:52:24,13.82,-87.25,73.4,88,75,6.93
530,Khetia,IN,2020-06-28 17:52:24,21.67,74.58,84.04,72,98,6.96
531,Heyang,CN,2020-06-28 17:52:25,26.1,107.47,72.48,94,100,5.48
532,Srednekolymsk,RU,2020-06-28 17:52:25,67.45,153.68,51.71,47,100,7.11
533,Salinas,US,2020-06-28 17:52:25,36.68,-121.66,60.8,67,90,10.29
534,Walvis Bay,NA,2020-06-28 17:52:25,-22.96,14.51,64.4,55,0,5.82
535,Mount Gambier,AU,2020-06-28 17:52:25,-37.83,140.77,39.2,93,43,6.93
536,Mandalgovi,MN,2020-06-28 17:52:25,45.76,106.27,61.25,68,62,13.38
537,Yerbogachen,RU,2020-06-28 17:52:25,61.28,108.01,62.42,72,28,2.89
538,Basco,PH,2020-06-28 17:52:25,20.45,121.97,84.49,82,100,16.46
539,Axim,GH,2020-06-28 17:52:25,4.87,-2.24,76.84,86,54,10.63
540,Beyneu,KZ,2020-06-28 17:52:25,45.32,55.2,79.48,25,1,9.8
541,Takaka,NZ,2020-06-28 17:52:25,-40.85,172.8,50.0,90,68,4.0
542,Tarbes,FR,2020-06-28 17:52:26,43.25,0.17,71.6,73,90,6.93
543,Shakiso,ET,2020-06-28 17:52:26,5.75,38.92,60.82,91,72,0.58
544,Evensk,RU,2020-06-28 17:52:26,61.95,159.23,48.4,81,100,4.14
545,Ust-Maya,RU,2020-06-28 17:52:26,60.42,134.53,59.23,68,23,0.76
546,Wabag,PG,2020-06-28 17:52:26,-5.48,143.7,51.98,92,95,2.21
547,Katobu,ID,2020-06-28 17:52:26,-4.94,122.53,73.51,94,98,1.63
548,Santiago De Cao,PE,2020-06-28 17:52:26,-7.96,-79.24,67.23,74,32,12.53
549,San Andres,CO,2020-06-28 17:52:26,12.58,-81.7,84.2,83,75,10.29
550,Lethem,GY,2020-06-28 17:52:26,3.38,-59.8,89.2,56,28,3.47
551,Kalemie,CD,2020-06-28 17:52:26,-5.95,29.19,73.74,63,0,2.53
552,Tambovka,RU,2020-06-28 17:52:27,50.1,128.05,57.2,100,90,4.47
553,Poum,NC,2020-06-28 17:52:27,-20.23,164.02,71.31,69,19,10.67
554,Balti,MD,2020-06-28 17:52:27,47.76,27.93,82.0,63,1,5.99
555,La Rioja,ES,2020-06-28 17:52:27,42.25,-2.5,84.2,39,20,6.93
556,Qasigiannguit,GL,2020-06-28 17:52:27,68.82,-51.19,42.8,75,75,5.82
557,Olafsvik,IS,2020-06-28 17:52:27,64.89,-23.71,54.18,87,98,8.99
558,Cap Malheureux,MU,2020-06-28 17:52:27,-19.98,57.61,73.0,75,15,5.01
559,Dongning,CN,2020-06-28 17:52:27,44.06,131.12,58.08,92,28,0.67
560,Wenatchee,US,2020-06-28 17:52:27,47.42,-120.31,66.0,42,75,20.8
561,Skelleftea,SE,2020-06-28 17:50:01,64.75,20.95,63.0,55,36,8.05
562,Sharjah,AE,2020-06-28 17:52:27,25.36,55.4,95.0,67,0,2.24
563,Buchanan,LR,2020-06-28 17:52:27,5.88,-10.05,80.6,83,75,5.82
564,Luganville,VU,2020-06-28 17:52:28,-15.53,167.17,76.35,88,77,8.97
565,Abu Samrah,SY,2020-06-28 17:52:28,35.3,37.18,79.27,43,0,16.51
566,Champerico,GT,2020-06-28 17:52:28,14.3,-91.92,86.0,70,75,9.17
567,Palaikastron,GR,2020-06-28 17:52:28,35.2,26.25,79.0,44,0,8.99
568,Wagga Wagga,AU,2020-06-28 17:52:28,-35.12,147.37,42.01,93,0,3.36
569,Lermontovka,RU,2020-06-28 17:52:28,47.15,134.34,57.29,89,100,1.39
570,Asten,NL,2020-06-28 17:52:28,51.4,5.75,73.0,47,59,5.01
571,Sao Joao Da Barra,BR,2020-06-28 17:52:28,-21.64,-41.05,75.2,64,75,16.11
572,Vila Franca Do Campo,PT,2020-06-28 17:52:28,37.72,-25.43,73.4,78,40,10.29
573,Pontian Kecil,MY,2020-06-28 17:52:28,1.48,103.39,81.0,88,20,8.99
574,Broome,US,2020-06-28 17:52:28,42.25,-75.83,75.0,83,75,6.93
575,Dauphin,CA,2020-06-28 17:47:33,51.15,-100.05,64.4,93,75,4.7
576,Kade,DE,2020-06-28 17:52:29,52.38,12.27,73.0,54,93,1.99
577,Auki,SB,2020-06-28 17:52:29,-8.77,160.7,78.3,78,96,3.51
578,Pilar,BR,2020-06-28 17:52:29,-9.6,-35.96,80.6,74,40,13.87
